login,id,node_id,avatar_url,gravatar_id,url,html_url,followers_url,following_url,gists_url,starred_url,subscriptions_url,organizations_url,repos_url,events_url,received_events_url,type,user_view_type,site_admin,contributions
renpytom,379804,MDQ6VXNlcjM3OTgwNA==,https://avatars.githubusercontent.com/u/379804?v=4,,https://api.github.com/users/renpytom,https://github.com/renpytom,https://api.github.com/users/renpytom/followers,https://api.github.com/users/renpytom/following{/other_user},https://api.github.com/users/renpytom/gists{/gist_id},https://api.github.com/users/renpytom/starred{/owner}{/repo},https://api.github.com/users/renpytom/subscriptions,https://api.github.com/users/renpytom/orgs,https://api.github.com/users/renpytom/repos,https://api.github.com/users/renpytom/events{/privacy},https://api.github.com/users/renpytom/received_events,User,public,False,14026
Gouvernathor,44340603,MDQ6VXNlcjQ0MzQwNjAz,https://avatars.githubusercontent.com/u/44340603?v=4,,https://api.github.com/users/Gouvernathor,https://github.com/Gouvernathor,https://api.github.com/users/Gouvernathor/followers,https://api.github.com/users/Gouvernathor/following{/other_user},https://api.github.com/users/Gouvernathor/gists{/gist_id},https://api.github.com/users/Gouvernathor/starred{/owner}{/repo},https://api.github.com/users/Gouvernathor/subscriptions,https://api.github.com/users/Gouvernathor/orgs,https://api.github.com/users/Gouvernathor/repos,https://api.github.com/users/Gouvernathor/events{/privacy},https://api.github.com/users/Gouvernathor/received_events,User,public,False,1134
Andykl,27142420,MDQ6VXNlcjI3MTQyNDIw,https://avatars.githubusercontent.com/u/27142420?v=4,,https://api.github.com/users/Andykl,https://github.com/Andykl,https://api.github.com/users/Andykl/followers,https://api.github.com/users/Andykl/following{/other_user},https://api.github.com/users/Andykl/gists{/gist_id},https://api.github.com/users/Andykl/starred{/owner}{/repo},https://api.github.com/users/Andykl/subscriptions,https://api.github.com/users/Andykl/orgs,https://api.github.com/users/Andykl/repos,https://api.github.com/users/Andykl/events{/privacy},https://api.github.com/users/Andykl/received_events,User,public,False,698
renpy-bot,133845215,U_kgDOB_pQ3w,https://avatars.githubusercontent.com/u/133845215?v=4,,https://api.github.com/users/renpy-bot,https://github.com/renpy-bot,https://api.github.com/users/renpy-bot/followers,https://api.github.com/users/renpy-bot/following{/other_user},https://api.github.com/users/renpy-bot/gists{/gist_id},https://api.github.com/users/renpy-bot/starred{/owner}{/repo},https://api.github.com/users/renpy-bot/subscriptions,https://api.github.com/users/renpy-bot/orgs,https://api.github.com/users/renpy-bot/repos,https://api.github.com/users/renpy-bot/events{/privacy},https://api.github.com/users/renpy-bot/received_events,User,public,False,349
Moshibit,39635527,MDQ6VXNlcjM5NjM1NTI3,https://avatars.githubusercontent.com/u/39635527?v=4,,https://api.github.com/users/Moshibit,https://github.com/Moshibit,https://api.github.com/users/Moshibit/followers,https://api.github.com/users/Moshibit/following{/other_user},https://api.github.com/users/Moshibit/gists{/gist_id},https://api.github.com/users/Moshibit/starred{/owner}{/repo},https://api.github.com/users/Moshibit/subscriptions,https://api.github.com/users/Moshibit/orgs,https://api.github.com/users/Moshibit/repos,https://api.github.com/users/Moshibit/events{/privacy},https://api.github.com/users/Moshibit/received_events,User,public,False,275
kyouryuukunn,1556311,MDQ6VXNlcjE1NTYzMTE=,https://avatars.githubusercontent.com/u/1556311?v=4,,https://api.github.com/users/kyouryuukunn,https://github.com/kyouryuukunn,https://api.github.com/users/kyouryuukunn/followers,https://api.github.com/users/kyouryuukunn/following{/other_user},https://api.github.com/users/kyouryuukunn/gists{/gist_id},https://api.github.com/users/kyouryuukunn/starred{/owner}{/repo},https://api.github.com/users/kyouryuukunn/subscriptions,https://api.github.com/users/kyouryuukunn/orgs,https://api.github.com/users/kyouryuukunn/repos,https://api.github.com/users/kyouryuukunn/events{/privacy},https://api.github.com/users/kyouryuukunn/received_events,User,public,False,248
mal,591257,MDQ6VXNlcjU5MTI1Nw==,https://avatars.githubusercontent.com/u/591257?v=4,,https://api.github.com/users/mal,https://github.com/mal,https://api.github.com/users/mal/followers,https://api.github.com/users/mal/following{/other_user},https://api.github.com/users/mal/gists{/gist_id},https://api.github.com/users/mal/starred{/owner}{/repo},https://api.github.com/users/mal/subscriptions,https://api.github.com/users/mal/orgs,https://api.github.com/users/mal/repos,https://api.github.com/users/mal/events{/privacy},https://api.github.com/users/mal/received_events,User,public,False,227
arsym-dev,123092893,U_kgDOB1Y_nQ,https://avatars.githubusercontent.com/u/123092893?v=4,,https://api.github.com/users/arsym-dev,https://github.com/arsym-dev,https://api.github.com/users/arsym-dev/followers,https://api.github.com/users/arsym-dev/following{/other_user},https://api.github.com/users/arsym-dev/gists{/gist_id},https://api.github.com/users/arsym-dev/starred{/owner}{/repo},https://api.github.com/users/arsym-dev/subscriptions,https://api.github.com/users/arsym-dev/orgs,https://api.github.com/users/arsym-dev/repos,https://api.github.com/users/arsym-dev/events{/privacy},https://api.github.com/users/arsym-dev/received_events,User,public,False,145
Beuc,980977,MDQ6VXNlcjk4MDk3Nw==,https://avatars.githubusercontent.com/u/980977?v=4,,https://api.github.com/users/Beuc,https://github.com/Beuc,https://api.github.com/users/Beuc/followers,https://api.github.com/users/Beuc/following{/other_user},https://api.github.com/users/Beuc/gists{/gist_id},https://api.github.com/users/Beuc/starred{/owner}{/repo},https://api.github.com/users/Beuc/subscriptions,https://api.github.com/users/Beuc/orgs,https://api.github.com/users/Beuc/repos,https://api.github.com/users/Beuc/events{/privacy},https://api.github.com/users/Beuc/received_events,User,public,False,103
Ria-kon,24704640,MDQ6VXNlcjI0NzA0NjQw,https://avatars.githubusercontent.com/u/24704640?v=4,,https://api.github.com/users/Ria-kon,https://github.com/Ria-kon,https://api.github.com/users/Ria-kon/followers,https://api.github.com/users/Ria-kon/following{/other_user},https://api.github.com/users/Ria-kon/gists{/gist_id},https://api.github.com/users/Ria-kon/starred{/owner}{/repo},https://api.github.com/users/Ria-kon/subscriptions,https://api.github.com/users/Ria-kon/orgs,https://api.github.com/users/Ria-kon/repos,https://api.github.com/users/Ria-kon/events{/privacy},https://api.github.com/users/Ria-kon/received_events,User,public,False,90
zedraxlo,17983191,MDQ6VXNlcjE3OTgzMTkx,https://avatars.githubusercontent.com/u/17983191?v=4,,https://api.github.com/users/zedraxlo,https://github.com/zedraxlo,https://api.github.com/users/zedraxlo/followers,https://api.github.com/users/zedraxlo/following{/other_user},https://api.github.com/users/zedraxlo/gists{/gist_id},https://api.github.com/users/zedraxlo/starred{/owner}{/repo},https://api.github.com/users/zedraxlo/subscriptions,https://api.github.com/users/zedraxlo/orgs,https://api.github.com/users/zedraxlo/repos,https://api.github.com/users/zedraxlo/events{/privacy},https://api.github.com/users/zedraxlo/received_events,User,public,False,89
ronchonbon,105335407,U_kgDOBkdKbw,https://avatars.githubusercontent.com/u/105335407?v=4,,https://api.github.com/users/ronchonbon,https://github.com/ronchonbon,https://api.github.com/users/ronchonbon/followers,https://api.github.com/users/ronchonbon/following{/other_user},https://api.github.com/users/ronchonbon/gists{/gist_id},https://api.github.com/users/ronchonbon/starred{/owner}{/repo},https://api.github.com/users/ronchonbon/subscriptions,https://api.github.com/users/ronchonbon/orgs,https://api.github.com/users/ronchonbon/repos,https://api.github.com/users/ronchonbon/events{/privacy},https://api.github.com/users/ronchonbon/received_events,User,public,False,87
xavi-mat,1102677,MDQ6VXNlcjExMDI2Nzc=,https://avatars.githubusercontent.com/u/1102677?v=4,,https://api.github.com/users/xavi-mat,https://github.com/xavi-mat,https://api.github.com/users/xavi-mat/followers,https://api.github.com/users/xavi-mat/following{/other_user},https://api.github.com/users/xavi-mat/gists{/gist_id},https://api.github.com/users/xavi-mat/starred{/owner}{/repo},https://api.github.com/users/xavi-mat/subscriptions,https://api.github.com/users/xavi-mat/orgs,https://api.github.com/users/xavi-mat/repos,https://api.github.com/users/xavi-mat/events{/privacy},https://api.github.com/users/xavi-mat/received_events,User,public,False,80
vbkaisetsu,2175479,MDQ6VXNlcjIxNzU0Nzk=,https://avatars.githubusercontent.com/u/2175479?v=4,,https://api.github.com/users/vbkaisetsu,https://github.com/vbkaisetsu,https://api.github.com/users/vbkaisetsu/followers,https://api.github.com/users/vbkaisetsu/following{/other_user},https://api.github.com/users/vbkaisetsu/gists{/gist_id},https://api.github.com/users/vbkaisetsu/starred{/owner}{/repo},https://api.github.com/users/vbkaisetsu/subscriptions,https://api.github.com/users/vbkaisetsu/orgs,https://api.github.com/users/vbkaisetsu/repos,https://api.github.com/users/vbkaisetsu/events{/privacy},https://api.github.com/users/vbkaisetsu/received_events,User,public,False,69
renoa,6011019,MDQ6VXNlcjYwMTEwMTk=,https://avatars.githubusercontent.com/u/6011019?v=4,,https://api.github.com/users/renoa,https://github.com/renoa,https://api.github.com/users/renoa/followers,https://api.github.com/users/renoa/following{/other_user},https://api.github.com/users/renoa/gists{/gist_id},https://api.github.com/users/renoa/starred{/owner}{/repo},https://api.github.com/users/renoa/subscriptions,https://api.github.com/users/renoa/orgs,https://api.github.com/users/renoa/repos,https://api.github.com/users/renoa/events{/privacy},https://api.github.com/users/renoa/received_events,User,public,False,59
LuqueDaniel,1286535,MDQ6VXNlcjEyODY1MzU=,https://avatars.githubusercontent.com/u/1286535?v=4,,https://api.github.com/users/LuqueDaniel,https://github.com/LuqueDaniel,https://api.github.com/users/LuqueDaniel/followers,https://api.github.com/users/LuqueDaniel/following{/other_user},https://api.github.com/users/LuqueDaniel/gists{/gist_id},https://api.github.com/users/LuqueDaniel/starred{/owner}{/repo},https://api.github.com/users/LuqueDaniel/subscriptions,https://api.github.com/users/LuqueDaniel/orgs,https://api.github.com/users/LuqueDaniel/repos,https://api.github.com/users/LuqueDaniel/events{/privacy},https://api.github.com/users/LuqueDaniel/received_events,User,public,False,59
qTich,57302714,MDQ6VXNlcjU3MzAyNzE0,https://avatars.githubusercontent.com/u/57302714?v=4,,https://api.github.com/users/qTich,https://github.com/qTich,https://api.github.com/users/qTich/followers,https://api.github.com/users/qTich/following{/other_user},https://api.github.com/users/qTich/gists{/gist_id},https://api.github.com/users/qTich/starred{/owner}{/repo},https://api.github.com/users/qTich/subscriptions,https://api.github.com/users/qTich/orgs,https://api.github.com/users/qTich/repos,https://api.github.com/users/qTich/events{/privacy},https://api.github.com/users/qTich/received_events,User,public,False,42
Elckarow,101005497,U_kgDOBgU4uQ,https://avatars.githubusercontent.com/u/101005497?v=4,,https://api.github.com/users/Elckarow,https://github.com/Elckarow,https://api.github.com/users/Elckarow/followers,https://api.github.com/users/Elckarow/following{/other_user},https://api.github.com/users/Elckarow/gists{/gist_id},https://api.github.com/users/Elckarow/starred{/owner}{/repo},https://api.github.com/users/Elckarow/subscriptions,https://api.github.com/users/Elckarow/orgs,https://api.github.com/users/Elckarow/repos,https://api.github.com/users/Elckarow/events{/privacy},https://api.github.com/users/Elckarow/received_events,User,public,False,40
the66F95,54831834,MDQ6VXNlcjU0ODMxODM0,https://avatars.githubusercontent.com/u/54831834?v=4,,https://api.github.com/users/the66F95,https://github.com/the66F95,https://api.github.com/users/the66F95/followers,https://api.github.com/users/the66F95/following{/other_user},https://api.github.com/users/the66F95/gists{/gist_id},https://api.github.com/users/the66F95/starred{/owner}{/repo},https://api.github.com/users/the66F95/subscriptions,https://api.github.com/users/the66F95/orgs,https://api.github.com/users/the66F95/repos,https://api.github.com/users/the66F95/events{/privacy},https://api.github.com/users/the66F95/received_events,User,public,False,36
Veydzher,108631328,U_kgDOBnmVIA,https://avatars.githubusercontent.com/u/108631328?v=4,,https://api.github.com/users/Veydzher,https://github.com/Veydzher,https://api.github.com/users/Veydzher/followers,https://api.github.com/users/Veydzher/following{/other_user},https://api.github.com/users/Veydzher/gists{/gist_id},https://api.github.com/users/Veydzher/starred{/owner}{/repo},https://api.github.com/users/Veydzher/subscriptions,https://api.github.com/users/Veydzher/orgs,https://api.github.com/users/Veydzher/repos,https://api.github.com/users/Veydzher/events{/privacy},https://api.github.com/users/Veydzher/received_events,User,public,False,31
jsfehler,7795990,MDQ6VXNlcjc3OTU5OTA=,https://avatars.githubusercontent.com/u/7795990?v=4,,https://api.github.com/users/jsfehler,https://github.com/jsfehler,https://api.github.com/users/jsfehler/followers,https://api.github.com/users/jsfehler/following{/other_user},https://api.github.com/users/jsfehler/gists{/gist_id},https://api.github.com/users/jsfehler/starred{/owner}{/repo},https://api.github.com/users/jsfehler/subscriptions,https://api.github.com/users/jsfehler/orgs,https://api.github.com/users/jsfehler/repos,https://api.github.com/users/jsfehler/events{/privacy},https://api.github.com/users/jsfehler/received_events,User,public,False,28
Tey,646444,MDQ6VXNlcjY0NjQ0NA==,https://avatars.githubusercontent.com/u/646444?v=4,,https://api.github.com/users/Tey,https://github.com/Tey,https://api.github.com/users/Tey/followers,https://api.github.com/users/Tey/following{/other_user},https://api.github.com/users/Tey/gists{/gist_id},https://api.github.com/users/Tey/starred{/owner}{/repo},https://api.github.com/users/Tey/subscriptions,https://api.github.com/users/Tey/orgs,https://api.github.com/users/Tey/repos,https://api.github.com/users/Tey/events{/privacy},https://api.github.com/users/Tey/received_events,User,public,False,27
Kassy2048,78169097,MDQ6VXNlcjc4MTY5MDk3,https://avatars.githubusercontent.com/u/78169097?v=4,,https://api.github.com/users/Kassy2048,https://github.com/Kassy2048,https://api.github.com/users/Kassy2048/followers,https://api.github.com/users/Kassy2048/following{/other_user},https://api.github.com/users/Kassy2048/gists{/gist_id},https://api.github.com/users/Kassy2048/starred{/owner}{/repo},https://api.github.com/users/Kassy2048/subscriptions,https://api.github.com/users/Kassy2048/orgs,https://api.github.com/users/Kassy2048/repos,https://api.github.com/users/Kassy2048/events{/privacy},https://api.github.com/users/Kassy2048/received_events,User,public,False,26
antoinentx,5445412,MDQ6VXNlcjU0NDU0MTI=,https://avatars.githubusercontent.com/u/5445412?v=4,,https://api.github.com/users/antoinentx,https://github.com/antoinentx,https://api.github.com/users/antoinentx/followers,https://api.github.com/users/antoinentx/following{/other_user},https://api.github.com/users/antoinentx/gists{/gist_id},https://api.github.com/users/antoinentx/starred{/owner}{/repo},https://api.github.com/users/antoinentx/subscriptions,https://api.github.com/users/antoinentx/orgs,https://api.github.com/users/antoinentx/repos,https://api.github.com/users/antoinentx/events{/privacy},https://api.github.com/users/antoinentx/received_events,User,public,False,25
shawna-p,37048629,MDQ6VXNlcjM3MDQ4NjI5,https://avatars.githubusercontent.com/u/37048629?v=4,,https://api.github.com/users/shawna-p,https://github.com/shawna-p,https://api.github.com/users/shawna-p/followers,https://api.github.com/users/shawna-p/following{/other_user},https://api.github.com/users/shawna-p/gists{/gist_id},https://api.github.com/users/shawna-p/starred{/owner}{/repo},https://api.github.com/users/shawna-p/subscriptions,https://api.github.com/users/shawna-p/orgs,https://api.github.com/users/shawna-p/repos,https://api.github.com/users/shawna-p/events{/privacy},https://api.github.com/users/shawna-p/received_events,User,public,False,24
midgethetree,76988393,MDQ6VXNlcjc2OTg4Mzkz,https://avatars.githubusercontent.com/u/76988393?v=4,,https://api.github.com/users/midgethetree,https://github.com/midgethetree,https://api.github.com/users/midgethetree/followers,https://api.github.com/users/midgethetree/following{/other_user},https://api.github.com/users/midgethetree/gists{/gist_id},https://api.github.com/users/midgethetree/starred{/owner}{/repo},https://api.github.com/users/midgethetree/subscriptions,https://api.github.com/users/midgethetree/orgs,https://api.github.com/users/midgethetree/repos,https://api.github.com/users/midgethetree/events{/privacy},https://api.github.com/users/midgethetree/received_events,User,public,False,23
Lezalith,56970124,MDQ6VXNlcjU2OTcwMTI0,https://avatars.githubusercontent.com/u/56970124?v=4,,https://api.github.com/users/Lezalith,https://github.com/Lezalith,https://api.github.com/users/Lezalith/followers,https://api.github.com/users/Lezalith/following{/other_user},https://api.github.com/users/Lezalith/gists{/gist_id},https://api.github.com/users/Lezalith/starred{/owner}{/repo},https://api.github.com/users/Lezalith/subscriptions,https://api.github.com/users/Lezalith/orgs,https://api.github.com/users/Lezalith/repos,https://api.github.com/users/Lezalith/events{/privacy},https://api.github.com/users/Lezalith/received_events,User,public,False,22
Booplicate,53382877,MDQ6VXNlcjUzMzgyODc3,https://avatars.githubusercontent.com/u/53382877?v=4,,https://api.github.com/users/Booplicate,https://github.com/Booplicate,https://api.github.com/users/Booplicate/followers,https://api.github.com/users/Booplicate/following{/other_user},https://api.github.com/users/Booplicate/gists{/gist_id},https://api.github.com/users/Booplicate/starred{/owner}{/repo},https://api.github.com/users/Booplicate/subscriptions,https://api.github.com/users/Booplicate/orgs,https://api.github.com/users/Booplicate/repos,https://api.github.com/users/Booplicate/events{/privacy},https://api.github.com/users/Booplicate/received_events,User,public,False,21
neyunse,36079551,MDQ6VXNlcjM2MDc5NTUx,https://avatars.githubusercontent.com/u/36079551?v=4,,https://api.github.com/users/neyunse,https://github.com/neyunse,https://api.github.com/users/neyunse/followers,https://api.github.com/users/neyunse/following{/other_user},https://api.github.com/users/neyunse/gists{/gist_id},https://api.github.com/users/neyunse/starred{/owner}{/repo},https://api.github.com/users/neyunse/subscriptions,https://api.github.com/users/neyunse/orgs,https://api.github.com/users/neyunse/repos,https://api.github.com/users/neyunse/events{/privacy},https://api.github.com/users/neyunse/received_events,User,public,False,19
DipeshAggarwal,1311129,MDQ6VXNlcjEzMTExMjk=,https://avatars.githubusercontent.com/u/1311129?v=4,,https://api.github.com/users/DipeshAggarwal,https://github.com/DipeshAggarwal,https://api.github.com/users/DipeshAggarwal/followers,https://api.github.com/users/DipeshAggarwal/following{/other_user},https://api.github.com/users/DipeshAggarwal/gists{/gist_id},https://api.github.com/users/DipeshAggarwal/starred{/owner}{/repo},https://api.github.com/users/DipeshAggarwal/subscriptions,https://api.github.com/users/DipeshAggarwal/orgs,https://api.github.com/users/DipeshAggarwal/repos,https://api.github.com/users/DipeshAggarwal/events{/privacy},https://api.github.com/users/DipeshAggarwal/received_events,User,public,False,18
TDCMC,69730881,MDQ6VXNlcjY5NzMwODgx,https://avatars.githubusercontent.com/u/69730881?v=4,,https://api.github.com/users/TDCMC,https://github.com/TDCMC,https://api.github.com/users/TDCMC/followers,https://api.github.com/users/TDCMC/following{/other_user},https://api.github.com/users/TDCMC/gists{/gist_id},https://api.github.com/users/TDCMC/starred{/owner}{/repo},https://api.github.com/users/TDCMC/subscriptions,https://api.github.com/users/TDCMC/orgs,https://api.github.com/users/TDCMC/repos,https://api.github.com/users/TDCMC/events{/privacy},https://api.github.com/users/TDCMC/received_events,User,public,False,18
uyjulian,1689374,MDQ6VXNlcjE2ODkzNzQ=,https://avatars.githubusercontent.com/u/1689374?v=4,,https://api.github.com/users/uyjulian,https://github.com/uyjulian,https://api.github.com/users/uyjulian/followers,https://api.github.com/users/uyjulian/following{/other_user},https://api.github.com/users/uyjulian/gists{/gist_id},https://api.github.com/users/uyjulian/starred{/owner}{/repo},https://api.github.com/users/uyjulian/subscriptions,https://api.github.com/users/uyjulian/orgs,https://api.github.com/users/uyjulian/repos,https://api.github.com/users/uyjulian/events{/privacy},https://api.github.com/users/uyjulian/received_events,User,public,False,17
nyaatrap,3129985,MDQ6VXNlcjMxMjk5ODU=,https://avatars.githubusercontent.com/u/3129985?v=4,,https://api.github.com/users/nyaatrap,https://github.com/nyaatrap,https://api.github.com/users/nyaatrap/followers,https://api.github.com/users/nyaatrap/following{/other_user},https://api.github.com/users/nyaatrap/gists{/gist_id},https://api.github.com/users/nyaatrap/starred{/owner}{/repo},https://api.github.com/users/nyaatrap/subscriptions,https://api.github.com/users/nyaatrap/orgs,https://api.github.com/users/nyaatrap/repos,https://api.github.com/users/nyaatrap/events{/privacy},https://api.github.com/users/nyaatrap/received_events,User,public,False,16
kobaltcore,39258182,MDQ6VXNlcjM5MjU4MTgy,https://avatars.githubusercontent.com/u/39258182?v=4,,https://api.github.com/users/kobaltcore,https://github.com/kobaltcore,https://api.github.com/users/kobaltcore/followers,https://api.github.com/users/kobaltcore/following{/other_user},https://api.github.com/users/kobaltcore/gists{/gist_id},https://api.github.com/users/kobaltcore/starred{/owner}{/repo},https://api.github.com/users/kobaltcore/subscriptions,https://api.github.com/users/kobaltcore/orgs,https://api.github.com/users/kobaltcore/repos,https://api.github.com/users/kobaltcore/events{/privacy},https://api.github.com/users/kobaltcore/received_events,User,public,False,16
vollschauer,5165216,MDQ6VXNlcjUxNjUyMTY=,https://avatars.githubusercontent.com/u/5165216?v=4,,https://api.github.com/users/vollschauer,https://github.com/vollschauer,https://api.github.com/users/vollschauer/followers,https://api.github.com/users/vollschauer/following{/other_user},https://api.github.com/users/vollschauer/gists{/gist_id},https://api.github.com/users/vollschauer/starred{/owner}{/repo},https://api.github.com/users/vollschauer/subscriptions,https://api.github.com/users/vollschauer/orgs,https://api.github.com/users/vollschauer/repos,https://api.github.com/users/vollschauer/events{/privacy},https://api.github.com/users/vollschauer/received_events,User,public,False,16
geomat0101,102607949,U_kgDOBh2sTQ,https://avatars.githubusercontent.com/u/102607949?v=4,,https://api.github.com/users/geomat0101,https://github.com/geomat0101,https://api.github.com/users/geomat0101/followers,https://api.github.com/users/geomat0101/following{/other_user},https://api.github.com/users/geomat0101/gists{/gist_id},https://api.github.com/users/geomat0101/starred{/owner}{/repo},https://api.github.com/users/geomat0101/subscriptions,https://api.github.com/users/geomat0101/orgs,https://api.github.com/users/geomat0101/repos,https://api.github.com/users/geomat0101/events{/privacy},https://api.github.com/users/geomat0101/received_events,User,public,False,16
morganwillcock,14958747,MDQ6VXNlcjE0OTU4NzQ3,https://avatars.githubusercontent.com/u/14958747?v=4,,https://api.github.com/users/morganwillcock,https://github.com/morganwillcock,https://api.github.com/users/morganwillcock/followers,https://api.github.com/users/morganwillcock/following{/other_user},https://api.github.com/users/morganwillcock/gists{/gist_id},https://api.github.com/users/morganwillcock/starred{/owner}{/repo},https://api.github.com/users/morganwillcock/subscriptions,https://api.github.com/users/morganwillcock/orgs,https://api.github.com/users/morganwillcock/repos,https://api.github.com/users/morganwillcock/events{/privacy},https://api.github.com/users/morganwillcock/received_events,User,public,False,16
dependabot[bot],49699333,MDM6Qm90NDk2OTkzMzM=,https://avatars.githubusercontent.com/in/29110?v=4,,https://api.github.com/users/dependabot%5Bbot%5D,https://github.com/apps/dependabot,https://api.github.com/users/dependabot%5Bbot%5D/followers,https://api.github.com/users/dependabot%5Bbot%5D/following{/other_user},https://api.github.com/users/dependabot%5Bbot%5D/gists{/gist_id},https://api.github.com/users/dependabot%5Bbot%5D/starred{/owner}{/repo},https://api.github.com/users/dependabot%5Bbot%5D/subscriptions,https://api.github.com/users/dependabot%5Bbot%5D/orgs,https://api.github.com/users/dependabot%5Bbot%5D/repos,https://api.github.com/users/dependabot%5Bbot%5D/events{/privacy},https://api.github.com/users/dependabot%5Bbot%5D/received_events,Bot,public,False,15
wchill,3746651,MDQ6VXNlcjM3NDY2NTE=,https://avatars.githubusercontent.com/u/3746651?v=4,,https://api.github.com/users/wchill,https://github.com/wchill,https://api.github.com/users/wchill/followers,https://api.github.com/users/wchill/following{/other_user},https://api.github.com/users/wchill/gists{/gist_id},https://api.github.com/users/wchill/starred{/owner}{/repo},https://api.github.com/users/wchill/subscriptions,https://api.github.com/users/wchill/orgs,https://api.github.com/users/wchill/repos,https://api.github.com/users/wchill/events{/privacy},https://api.github.com/users/wchill/received_events,User,public,False,14
caryoscelus,1758893,MDQ6VXNlcjE3NTg4OTM=,https://avatars.githubusercontent.com/u/1758893?v=4,,https://api.github.com/users/caryoscelus,https://github.com/caryoscelus,https://api.github.com/users/caryoscelus/followers,https://api.github.com/users/caryoscelus/following{/other_user},https://api.github.com/users/caryoscelus/gists{/gist_id},https://api.github.com/users/caryoscelus/starred{/owner}{/repo},https://api.github.com/users/caryoscelus/subscriptions,https://api.github.com/users/caryoscelus/orgs,https://api.github.com/users/caryoscelus/repos,https://api.github.com/users/caryoscelus/events{/privacy},https://api.github.com/users/caryoscelus/received_events,User,public,False,14
andOlga,462484,MDQ6VXNlcjQ2MjQ4NA==,https://avatars.githubusercontent.com/u/462484?v=4,,https://api.github.com/users/andOlga,https://github.com/andOlga,https://api.github.com/users/andOlga/followers,https://api.github.com/users/andOlga/following{/other_user},https://api.github.com/users/andOlga/gists{/gist_id},https://api.github.com/users/andOlga/starred{/owner}{/repo},https://api.github.com/users/andOlga/subscriptions,https://api.github.com/users/andOlga/orgs,https://api.github.com/users/andOlga/repos,https://api.github.com/users/andOlga/events{/privacy},https://api.github.com/users/andOlga/received_events,User,public,False,14
Ayowel,8655467,MDQ6VXNlcjg2NTU0Njc=,https://avatars.githubusercontent.com/u/8655467?v=4,,https://api.github.com/users/Ayowel,https://github.com/Ayowel,https://api.github.com/users/Ayowel/followers,https://api.github.com/users/Ayowel/following{/other_user},https://api.github.com/users/Ayowel/gists{/gist_id},https://api.github.com/users/Ayowel/starred{/owner}{/repo},https://api.github.com/users/Ayowel/subscriptions,https://api.github.com/users/Ayowel/orgs,https://api.github.com/users/Ayowel/repos,https://api.github.com/users/Ayowel/events{/privacy},https://api.github.com/users/Ayowel/received_events,User,public,False,14
AbdulGoodLooks,128820974,U_kgDOB62m7g,https://avatars.githubusercontent.com/u/128820974?v=4,,https://api.github.com/users/AbdulGoodLooks,https://github.com/AbdulGoodLooks,https://api.github.com/users/AbdulGoodLooks/followers,https://api.github.com/users/AbdulGoodLooks/following{/other_user},https://api.github.com/users/AbdulGoodLooks/gists{/gist_id},https://api.github.com/users/AbdulGoodLooks/starred{/owner}{/repo},https://api.github.com/users/AbdulGoodLooks/subscriptions,https://api.github.com/users/AbdulGoodLooks/orgs,https://api.github.com/users/AbdulGoodLooks/repos,https://api.github.com/users/AbdulGoodLooks/events{/privacy},https://api.github.com/users/AbdulGoodLooks/received_events,User,public,False,14
HB38-RPY,109490566,U_kgDOBoaxhg,https://avatars.githubusercontent.com/u/109490566?v=4,,https://api.github.com/users/HB38-RPY,https://github.com/HB38-RPY,https://api.github.com/users/HB38-RPY/followers,https://api.github.com/users/HB38-RPY/following{/other_user},https://api.github.com/users/HB38-RPY/gists{/gist_id},https://api.github.com/users/HB38-RPY/starred{/owner}{/repo},https://api.github.com/users/HB38-RPY/subscriptions,https://api.github.com/users/HB38-RPY/orgs,https://api.github.com/users/HB38-RPY/repos,https://api.github.com/users/HB38-RPY/events{/privacy},https://api.github.com/users/HB38-RPY/received_events,User,public,False,14
bkats,11837129,MDQ6VXNlcjExODM3MTI5,https://avatars.githubusercontent.com/u/11837129?v=4,,https://api.github.com/users/bkats,https://github.com/bkats,https://api.github.com/users/bkats/followers,https://api.github.com/users/bkats/following{/other_user},https://api.github.com/users/bkats/gists{/gist_id},https://api.github.com/users/bkats/starred{/owner}{/repo},https://api.github.com/users/bkats/subscriptions,https://api.github.com/users/bkats/orgs,https://api.github.com/users/bkats/repos,https://api.github.com/users/bkats/events{/privacy},https://api.github.com/users/bkats/received_events,User,public,False,13
kalawore,7803793,MDQ6VXNlcjc4MDM3OTM=,https://avatars.githubusercontent.com/u/7803793?v=4,,https://api.github.com/users/kalawore,https://github.com/kalawore,https://api.github.com/users/kalawore/followers,https://api.github.com/users/kalawore/following{/other_user},https://api.github.com/users/kalawore/gists{/gist_id},https://api.github.com/users/kalawore/starred{/owner}{/repo},https://api.github.com/users/kalawore/subscriptions,https://api.github.com/users/kalawore/orgs,https://api.github.com/users/kalawore/repos,https://api.github.com/users/kalawore/events{/privacy},https://api.github.com/users/kalawore/received_events,User,public,False,13
lauwurence,46109734,MDQ6VXNlcjQ2MTA5NzM0,https://avatars.githubusercontent.com/u/46109734?v=4,,https://api.github.com/users/lauwurence,https://github.com/lauwurence,https://api.github.com/users/lauwurence/followers,https://api.github.com/users/lauwurence/following{/other_user},https://api.github.com/users/lauwurence/gists{/gist_id},https://api.github.com/users/lauwurence/starred{/owner}{/repo},https://api.github.com/users/lauwurence/subscriptions,https://api.github.com/users/lauwurence/orgs,https://api.github.com/users/lauwurence/repos,https://api.github.com/users/lauwurence/events{/privacy},https://api.github.com/users/lauwurence/received_events,User,public,False,13
GiovanH,6759280,MDQ6VXNlcjY3NTkyODA=,https://avatars.githubusercontent.com/u/6759280?v=4,,https://api.github.com/users/GiovanH,https://github.com/GiovanH,https://api.github.com/users/GiovanH/followers,https://api.github.com/users/GiovanH/following{/other_user},https://api.github.com/users/GiovanH/gists{/gist_id},https://api.github.com/users/GiovanH/starred{/owner}{/repo},https://api.github.com/users/GiovanH/subscriptions,https://api.github.com/users/GiovanH/orgs,https://api.github.com/users/GiovanH/repos,https://api.github.com/users/GiovanH/events{/privacy},https://api.github.com/users/GiovanH/received_events,User,public,False,13
symegac,97731141,U_kgDOBdNCRQ,https://avatars.githubusercontent.com/u/97731141?v=4,,https://api.github.com/users/symegac,https://github.com/symegac,https://api.github.com/users/symegac/followers,https://api.github.com/users/symegac/following{/other_user},https://api.github.com/users/symegac/gists{/gist_id},https://api.github.com/users/symegac/starred{/owner}{/repo},https://api.github.com/users/symegac/subscriptions,https://api.github.com/users/symegac/orgs,https://api.github.com/users/symegac/repos,https://api.github.com/users/symegac/events{/privacy},https://api.github.com/users/symegac/received_events,User,public,False,12
CodePsy-2001,81800589,MDQ6VXNlcjgxODAwNTg5,https://avatars.githubusercontent.com/u/81800589?v=4,,https://api.github.com/users/CodePsy-2001,https://github.com/CodePsy-2001,https://api.github.com/users/CodePsy-2001/followers,https://api.github.com/users/CodePsy-2001/following{/other_user},https://api.github.com/users/CodePsy-2001/gists{/gist_id},https://api.github.com/users/CodePsy-2001/starred{/owner}{/repo},https://api.github.com/users/CodePsy-2001/subscriptions,https://api.github.com/users/CodePsy-2001/orgs,https://api.github.com/users/CodePsy-2001/repos,https://api.github.com/users/CodePsy-2001/events{/privacy},https://api.github.com/users/CodePsy-2001/received_events,User,public,False,12
yorkyang2333,78467289,MDQ6VXNlcjc4NDY3Mjg5,https://avatars.githubusercontent.com/u/78467289?v=4,,https://api.github.com/users/yorkyang2333,https://github.com/yorkyang2333,https://api.github.com/users/yorkyang2333/followers,https://api.github.com/users/yorkyang2333/following{/other_user},https://api.github.com/users/yorkyang2333/gists{/gist_id},https://api.github.com/users/yorkyang2333/starred{/owner}{/repo},https://api.github.com/users/yorkyang2333/subscriptions,https://api.github.com/users/yorkyang2333/orgs,https://api.github.com/users/yorkyang2333/repos,https://api.github.com/users/yorkyang2333/events{/privacy},https://api.github.com/users/yorkyang2333/received_events,User,public,False,11
izarii-dev,182229134,U_kgDOCtyYjg,https://avatars.githubusercontent.com/u/182229134?v=4,,https://api.github.com/users/izarii-dev,https://github.com/izarii-dev,https://api.github.com/users/izarii-dev/followers,https://api.github.com/users/izarii-dev/following{/other_user},https://api.github.com/users/izarii-dev/gists{/gist_id},https://api.github.com/users/izarii-dev/starred{/owner}{/repo},https://api.github.com/users/izarii-dev/subscriptions,https://api.github.com/users/izarii-dev/orgs,https://api.github.com/users/izarii-dev/repos,https://api.github.com/users/izarii-dev/events{/privacy},https://api.github.com/users/izarii-dev/received_events,User,public,False,11
myrkavadim-cell,280539639,U_kgDOELix9w,https://avatars.githubusercontent.com/u/280539639?v=4,,https://api.github.com/users/myrkavadim-cell,https://github.com/myrkavadim-cell,https://api.github.com/users/myrkavadim-cell/followers,https://api.github.com/users/myrkavadim-cell/following{/other_user},https://api.github.com/users/myrkavadim-cell/gists{/gist_id},https://api.github.com/users/myrkavadim-cell/starred{/owner}{/repo},https://api.github.com/users/myrkavadim-cell/subscriptions,https://api.github.com/users/myrkavadim-cell/orgs,https://api.github.com/users/myrkavadim-cell/repos,https://api.github.com/users/myrkavadim-cell/events{/privacy},https://api.github.com/users/myrkavadim-cell/received_events,User,public,False,11
kevinturner,8908173,MDQ6VXNlcjg5MDgxNzM=,https://avatars.githubusercontent.com/u/8908173?v=4,,https://api.github.com/users/kevinturner,https://github.com/kevinturner,https://api.github.com/users/kevinturner/followers,https://api.github.com/users/kevinturner/following{/other_user},https://api.github.com/users/kevinturner/gists{/gist_id},https://api.github.com/users/kevinturner/starred{/owner}{/repo},https://api.github.com/users/kevinturner/subscriptions,https://api.github.com/users/kevinturner/orgs,https://api.github.com/users/kevinturner/repos,https://api.github.com/users/kevinturner/events{/privacy},https://api.github.com/users/kevinturner/received_events,User,public,False,10
adrianlopezgalera,77041822,MDQ6VXNlcjc3MDQxODIy,https://avatars.githubusercontent.com/u/77041822?v=4,,https://api.github.com/users/adrianlopezgalera,https://github.com/adrianlopezgalera,https://api.github.com/users/adrianlopezgalera/followers,https://api.github.com/users/adrianlopezgalera/following{/other_user},https://api.github.com/users/adrianlopezgalera/gists{/gist_id},https://api.github.com/users/adrianlopezgalera/starred{/owner}{/repo},https://api.github.com/users/adrianlopezgalera/subscriptions,https://api.github.com/users/adrianlopezgalera/orgs,https://api.github.com/users/adrianlopezgalera/repos,https://api.github.com/users/adrianlopezgalera/events{/privacy},https://api.github.com/users/adrianlopezgalera/received_events,User,public,False,9
NaughtyRoad,138666188,U_kgDOCEPgzA,https://avatars.githubusercontent.com/u/138666188?v=4,,https://api.github.com/users/NaughtyRoad,https://github.com/NaughtyRoad,https://api.github.com/users/NaughtyRoad/followers,https://api.github.com/users/NaughtyRoad/following{/other_user},https://api.github.com/users/NaughtyRoad/gists{/gist_id},https://api.github.com/users/NaughtyRoad/starred{/owner}{/repo},https://api.github.com/users/NaughtyRoad/subscriptions,https://api.github.com/users/NaughtyRoad/orgs,https://api.github.com/users/NaughtyRoad/repos,https://api.github.com/users/NaughtyRoad/events{/privacy},https://api.github.com/users/NaughtyRoad/received_events,User,public,False,8
brainos233,36539925,MDQ6VXNlcjM2NTM5OTI1,https://avatars.githubusercontent.com/u/36539925?v=4,,https://api.github.com/users/brainos233,https://github.com/brainos233,https://api.github.com/users/brainos233/followers,https://api.github.com/users/brainos233/following{/other_user},https://api.github.com/users/brainos233/gists{/gist_id},https://api.github.com/users/brainos233/starred{/owner}{/repo},https://api.github.com/users/brainos233/subscriptions,https://api.github.com/users/brainos233/orgs,https://api.github.com/users/brainos233/repos,https://api.github.com/users/brainos233/events{/privacy},https://api.github.com/users/brainos233/received_events,User,public,False,8
Diapolo10,11529393,MDQ6VXNlcjExNTI5Mzkz,https://avatars.githubusercontent.com/u/11529393?v=4,,https://api.github.com/users/Diapolo10,https://github.com/Diapolo10,https://api.github.com/users/Diapolo10/followers,https://api.github.com/users/Diapolo10/following{/other_user},https://api.github.com/users/Diapolo10/gists{/gist_id},https://api.github.com/users/Diapolo10/starred{/owner}{/repo},https://api.github.com/users/Diapolo10/subscriptions,https://api.github.com/users/Diapolo10/orgs,https://api.github.com/users/Diapolo10/repos,https://api.github.com/users/Diapolo10/events{/privacy},https://api.github.com/users/Diapolo10/received_events,User,public,False,8
bbs3223474,4602466,MDQ6VXNlcjQ2MDI0NjY=,https://avatars.githubusercontent.com/u/4602466?v=4,,https://api.github.com/users/bbs3223474,https://github.com/bbs3223474,https://api.github.com/users/bbs3223474/followers,https://api.github.com/users/bbs3223474/following{/other_user},https://api.github.com/users/bbs3223474/gists{/gist_id},https://api.github.com/users/bbs3223474/starred{/owner}{/repo},https://api.github.com/users/bbs3223474/subscriptions,https://api.github.com/users/bbs3223474/orgs,https://api.github.com/users/bbs3223474/repos,https://api.github.com/users/bbs3223474/events{/privacy},https://api.github.com/users/bbs3223474/received_events,User,public,False,8
RangHo,10833976,MDQ6VXNlcjEwODMzOTc2,https://avatars.githubusercontent.com/u/10833976?v=4,,https://api.github.com/users/RangHo,https://github.com/RangHo,https://api.github.com/users/RangHo/followers,https://api.github.com/users/RangHo/following{/other_user},https://api.github.com/users/RangHo/gists{/gist_id},https://api.github.com/users/RangHo/starred{/owner}{/repo},https://api.github.com/users/RangHo/subscriptions,https://api.github.com/users/RangHo/orgs,https://api.github.com/users/RangHo/repos,https://api.github.com/users/RangHo/events{/privacy},https://api.github.com/users/RangHo/received_events,User,public,False,8
cloud9c,19523195,MDQ6VXNlcjE5NTIzMTk1,https://avatars.githubusercontent.com/u/19523195?v=4,,https://api.github.com/users/cloud9c,https://github.com/cloud9c,https://api.github.com/users/cloud9c/followers,https://api.github.com/users/cloud9c/following{/other_user},https://api.github.com/users/cloud9c/gists{/gist_id},https://api.github.com/users/cloud9c/starred{/owner}{/repo},https://api.github.com/users/cloud9c/subscriptions,https://api.github.com/users/cloud9c/orgs,https://api.github.com/users/cloud9c/repos,https://api.github.com/users/cloud9c/events{/privacy},https://api.github.com/users/cloud9c/received_events,User,public,False,8
moqbit,127299500,U_kgDOB5ZvrA,https://avatars.githubusercontent.com/u/127299500?v=4,,https://api.github.com/users/moqbit,https://github.com/moqbit,https://api.github.com/users/moqbit/followers,https://api.github.com/users/moqbit/following{/other_user},https://api.github.com/users/moqbit/gists{/gist_id},https://api.github.com/users/moqbit/starred{/owner}{/repo},https://api.github.com/users/moqbit/subscriptions,https://api.github.com/users/moqbit/orgs,https://api.github.com/users/moqbit/repos,https://api.github.com/users/moqbit/events{/privacy},https://api.github.com/users/moqbit/received_events,User,public,False,8
evilantishad0w,7507564,MDQ6VXNlcjc1MDc1NjQ=,https://avatars.githubusercontent.com/u/7507564?v=4,,https://api.github.com/users/evilantishad0w,https://github.com/evilantishad0w,https://api.github.com/users/evilantishad0w/followers,https://api.github.com/users/evilantishad0w/following{/other_user},https://api.github.com/users/evilantishad0w/gists{/gist_id},https://api.github.com/users/evilantishad0w/starred{/owner}{/repo},https://api.github.com/users/evilantishad0w/subscriptions,https://api.github.com/users/evilantishad0w/orgs,https://api.github.com/users/evilantishad0w/repos,https://api.github.com/users/evilantishad0w/events{/privacy},https://api.github.com/users/evilantishad0w/received_events,User,public,False,8
shizmob,763230,MDQ6VXNlcjc2MzIzMA==,https://avatars.githubusercontent.com/u/763230?v=4,,https://api.github.com/users/shizmob,https://github.com/shizmob,https://api.github.com/users/shizmob/followers,https://api.github.com/users/shizmob/following{/other_user},https://api.github.com/users/shizmob/gists{/gist_id},https://api.github.com/users/shizmob/starred{/owner}{/repo},https://api.github.com/users/shizmob/subscriptions,https://api.github.com/users/shizmob/orgs,https://api.github.com/users/shizmob/repos,https://api.github.com/users/shizmob/events{/privacy},https://api.github.com/users/shizmob/received_events,User,public,False,8
m-from-space,76992439,MDQ6VXNlcjc2OTkyNDM5,https://avatars.githubusercontent.com/u/76992439?v=4,,https://api.github.com/users/m-from-space,https://github.com/m-from-space,https://api.github.com/users/m-from-space/followers,https://api.github.com/users/m-from-space/following{/other_user},https://api.github.com/users/m-from-space/gists{/gist_id},https://api.github.com/users/m-from-space/starred{/owner}{/repo},https://api.github.com/users/m-from-space/subscriptions,https://api.github.com/users/m-from-space/orgs,https://api.github.com/users/m-from-space/repos,https://api.github.com/users/m-from-space/events{/privacy},https://api.github.com/users/m-from-space/received_events,User,public,False,7
RubenGarcia,1815251,MDQ6VXNlcjE4MTUyNTE=,https://avatars.githubusercontent.com/u/1815251?v=4,,https://api.github.com/users/RubenGarcia,https://github.com/RubenGarcia,https://api.github.com/users/RubenGarcia/followers,https://api.github.com/users/RubenGarcia/following{/other_user},https://api.github.com/users/RubenGarcia/gists{/gist_id},https://api.github.com/users/RubenGarcia/starred{/owner}{/repo},https://api.github.com/users/RubenGarcia/subscriptions,https://api.github.com/users/RubenGarcia/orgs,https://api.github.com/users/RubenGarcia/repos,https://api.github.com/users/RubenGarcia/events{/privacy},https://api.github.com/users/RubenGarcia/received_events,User,public,False,7
RenpyRemix,39272102,MDQ6VXNlcjM5MjcyMTAy,https://avatars.githubusercontent.com/u/39272102?v=4,,https://api.github.com/users/RenpyRemix,https://github.com/RenpyRemix,https://api.github.com/users/RenpyRemix/followers,https://api.github.com/users/RenpyRemix/following{/other_user},https://api.github.com/users/RenpyRemix/gists{/gist_id},https://api.github.com/users/RenpyRemix/starred{/owner}{/repo},https://api.github.com/users/RenpyRemix/subscriptions,https://api.github.com/users/RenpyRemix/orgs,https://api.github.com/users/RenpyRemix/repos,https://api.github.com/users/RenpyRemix/events{/privacy},https://api.github.com/users/RenpyRemix/received_events,User,public,False,6
zaveshaa,127344512,U_kgDOB5cfgA,https://avatars.githubusercontent.com/u/127344512?v=4,,https://api.github.com/users/zaveshaa,https://github.com/zaveshaa,https://api.github.com/users/zaveshaa/followers,https://api.github.com/users/zaveshaa/following{/other_user},https://api.github.com/users/zaveshaa/gists{/gist_id},https://api.github.com/users/zaveshaa/starred{/owner}{/repo},https://api.github.com/users/zaveshaa/subscriptions,https://api.github.com/users/zaveshaa/orgs,https://api.github.com/users/zaveshaa/repos,https://api.github.com/users/zaveshaa/events{/privacy},https://api.github.com/users/zaveshaa/received_events,User,public,False,6
raspberry-soft,87047775,MDQ6VXNlcjg3MDQ3Nzc1,https://avatars.githubusercontent.com/u/87047775?v=4,,https://api.github.com/users/raspberry-soft,https://github.com/raspberry-soft,https://api.github.com/users/raspberry-soft/followers,https://api.github.com/users/raspberry-soft/following{/other_user},https://api.github.com/users/raspberry-soft/gists{/gist_id},https://api.github.com/users/raspberry-soft/starred{/owner}{/repo},https://api.github.com/users/raspberry-soft/subscriptions,https://api.github.com/users/raspberry-soft/orgs,https://api.github.com/users/raspberry-soft/repos,https://api.github.com/users/raspberry-soft/events{/privacy},https://api.github.com/users/raspberry-soft/received_events,User,public,False,6
levicratic,144860154,U_kgDOCKJj-g,https://avatars.githubusercontent.com/u/144860154?v=4,,https://api.github.com/users/levicratic,https://github.com/levicratic,https://api.github.com/users/levicratic/followers,https://api.github.com/users/levicratic/following{/other_user},https://api.github.com/users/levicratic/gists{/gist_id},https://api.github.com/users/levicratic/starred{/owner}{/repo},https://api.github.com/users/levicratic/subscriptions,https://api.github.com/users/levicratic/orgs,https://api.github.com/users/levicratic/repos,https://api.github.com/users/levicratic/events{/privacy},https://api.github.com/users/levicratic/received_events,User,public,False,6
dogtopus,3405234,MDQ6VXNlcjM0MDUyMzQ=,https://avatars.githubusercontent.com/u/3405234?v=4,,https://api.github.com/users/dogtopus,https://github.com/dogtopus,https://api.github.com/users/dogtopus/followers,https://api.github.com/users/dogtopus/following{/other_user},https://api.github.com/users/dogtopus/gists{/gist_id},https://api.github.com/users/dogtopus/starred{/owner}{/repo},https://api.github.com/users/dogtopus/subscriptions,https://api.github.com/users/dogtopus/orgs,https://api.github.com/users/dogtopus/repos,https://api.github.com/users/dogtopus/events{/privacy},https://api.github.com/users/dogtopus/received_events,User,public,False,6
altskop,6652684,MDQ6VXNlcjY2NTI2ODQ=,https://avatars.githubusercontent.com/u/6652684?v=4,,https://api.github.com/users/altskop,https://github.com/altskop,https://api.github.com/users/altskop/followers,https://api.github.com/users/altskop/following{/other_user},https://api.github.com/users/altskop/gists{/gist_id},https://api.github.com/users/altskop/starred{/owner}{/repo},https://api.github.com/users/altskop/subscriptions,https://api.github.com/users/altskop/orgs,https://api.github.com/users/altskop/repos,https://api.github.com/users/altskop/events{/privacy},https://api.github.com/users/altskop/received_events,User,public,False,6
NyashniyVladya,19994753,MDQ6VXNlcjE5OTk0NzUz,https://avatars.githubusercontent.com/u/19994753?v=4,,https://api.github.com/users/NyashniyVladya,https://github.com/NyashniyVladya,https://api.github.com/users/NyashniyVladya/followers,https://api.github.com/users/NyashniyVladya/following{/other_user},https://api.github.com/users/NyashniyVladya/gists{/gist_id},https://api.github.com/users/NyashniyVladya/starred{/owner}{/repo},https://api.github.com/users/NyashniyVladya/subscriptions,https://api.github.com/users/NyashniyVladya/orgs,https://api.github.com/users/NyashniyVladya/repos,https://api.github.com/users/NyashniyVladya/events{/privacy},https://api.github.com/users/NyashniyVladya/received_events,User,public,False,6
Siege-Wizard,85072798,MDQ6VXNlcjg1MDcyNzk4,https://avatars.githubusercontent.com/u/85072798?v=4,,https://api.github.com/users/Siege-Wizard,https://github.com/Siege-Wizard,https://api.github.com/users/Siege-Wizard/followers,https://api.github.com/users/Siege-Wizard/following{/other_user},https://api.github.com/users/Siege-Wizard/gists{/gist_id},https://api.github.com/users/Siege-Wizard/starred{/owner}{/repo},https://api.github.com/users/Siege-Wizard/subscriptions,https://api.github.com/users/Siege-Wizard/orgs,https://api.github.com/users/Siege-Wizard/repos,https://api.github.com/users/Siege-Wizard/events{/privacy},https://api.github.com/users/Siege-Wizard/received_events,User,public,False,6
nolan-t-yoo,8920847,MDQ6VXNlcjg5MjA4NDc=,https://avatars.githubusercontent.com/u/8920847?v=4,,https://api.github.com/users/nolan-t-yoo,https://github.com/nolan-t-yoo,https://api.github.com/users/nolan-t-yoo/followers,https://api.github.com/users/nolan-t-yoo/following{/other_user},https://api.github.com/users/nolan-t-yoo/gists{/gist_id},https://api.github.com/users/nolan-t-yoo/starred{/owner}{/repo},https://api.github.com/users/nolan-t-yoo/subscriptions,https://api.github.com/users/nolan-t-yoo/orgs,https://api.github.com/users/nolan-t-yoo/repos,https://api.github.com/users/nolan-t-yoo/events{/privacy},https://api.github.com/users/nolan-t-yoo/received_events,User,public,False,6
sunrisesarsaparilla,179303609,U_kgDOCq_0uQ,https://avatars.githubusercontent.com/u/179303609?v=4,,https://api.github.com/users/sunrisesarsaparilla,https://github.com/sunrisesarsaparilla,https://api.github.com/users/sunrisesarsaparilla/followers,https://api.github.com/users/sunrisesarsaparilla/following{/other_user},https://api.github.com/users/sunrisesarsaparilla/gists{/gist_id},https://api.github.com/users/sunrisesarsaparilla/starred{/owner}{/repo},https://api.github.com/users/sunrisesarsaparilla/subscriptions,https://api.github.com/users/sunrisesarsaparilla/orgs,https://api.github.com/users/sunrisesarsaparilla/repos,https://api.github.com/users/sunrisesarsaparilla/events{/privacy},https://api.github.com/users/sunrisesarsaparilla/received_events,User,public,False,5
Quetzalicious,148166714,U_kgDOCNTYOg,https://avatars.githubusercontent.com/u/148166714?v=4,,https://api.github.com/users/Quetzalicious,https://github.com/Quetzalicious,https://api.github.com/users/Quetzalicious/followers,https://api.github.com/users/Quetzalicious/following{/other_user},https://api.github.com/users/Quetzalicious/gists{/gist_id},https://api.github.com/users/Quetzalicious/starred{/owner}{/repo},https://api.github.com/users/Quetzalicious/subscriptions,https://api.github.com/users/Quetzalicious/orgs,https://api.github.com/users/Quetzalicious/repos,https://api.github.com/users/Quetzalicious/events{/privacy},https://api.github.com/users/Quetzalicious/received_events,User,public,False,5
Enerccio,1702602,MDQ6VXNlcjE3MDI2MDI=,https://avatars.githubusercontent.com/u/1702602?v=4,,https://api.github.com/users/Enerccio,https://github.com/Enerccio,https://api.github.com/users/Enerccio/followers,https://api.github.com/users/Enerccio/following{/other_user},https://api.github.com/users/Enerccio/gists{/gist_id},https://api.github.com/users/Enerccio/starred{/owner}{/repo},https://api.github.com/users/Enerccio/subscriptions,https://api.github.com/users/Enerccio/orgs,https://api.github.com/users/Enerccio/repos,https://api.github.com/users/Enerccio/events{/privacy},https://api.github.com/users/Enerccio/received_events,User,public,False,5
Alexandre-T,5101481,MDQ6VXNlcjUxMDE0ODE=,https://avatars.githubusercontent.com/u/5101481?v=4,,https://api.github.com/users/Alexandre-T,https://github.com/Alexandre-T,https://api.github.com/users/Alexandre-T/followers,https://api.github.com/users/Alexandre-T/following{/other_user},https://api.github.com/users/Alexandre-T/gists{/gist_id},https://api.github.com/users/Alexandre-T/starred{/owner}{/repo},https://api.github.com/users/Alexandre-T/subscriptions,https://api.github.com/users/Alexandre-T/orgs,https://api.github.com/users/Alexandre-T/repos,https://api.github.com/users/Alexandre-T/events{/privacy},https://api.github.com/users/Alexandre-T/received_events,User,public,False,5
methanoliver,18306121,MDQ6VXNlcjE4MzA2MTIx,https://avatars.githubusercontent.com/u/18306121?v=4,,https://api.github.com/users/methanoliver,https://github.com/methanoliver,https://api.github.com/users/methanoliver/followers,https://api.github.com/users/methanoliver/following{/other_user},https://api.github.com/users/methanoliver/gists{/gist_id},https://api.github.com/users/methanoliver/starred{/owner}{/repo},https://api.github.com/users/methanoliver/subscriptions,https://api.github.com/users/methanoliver/orgs,https://api.github.com/users/methanoliver/repos,https://api.github.com/users/methanoliver/events{/privacy},https://api.github.com/users/methanoliver/received_events,User,public,False,5
onitake,371687,MDQ6VXNlcjM3MTY4Nw==,https://avatars.githubusercontent.com/u/371687?v=4,,https://api.github.com/users/onitake,https://github.com/onitake,https://api.github.com/users/onitake/followers,https://api.github.com/users/onitake/following{/other_user},https://api.github.com/users/onitake/gists{/gist_id},https://api.github.com/users/onitake/starred{/owner}{/repo},https://api.github.com/users/onitake/subscriptions,https://api.github.com/users/onitake/orgs,https://api.github.com/users/onitake/repos,https://api.github.com/users/onitake/events{/privacy},https://api.github.com/users/onitake/received_events,User,public,False,5
mbrickn,5591107,MDQ6VXNlcjU1OTExMDc=,https://avatars.githubusercontent.com/u/5591107?v=4,,https://api.github.com/users/mbrickn,https://github.com/mbrickn,https://api.github.com/users/mbrickn/followers,https://api.github.com/users/mbrickn/following{/other_user},https://api.github.com/users/mbrickn/gists{/gist_id},https://api.github.com/users/mbrickn/starred{/owner}{/repo},https://api.github.com/users/mbrickn/subscriptions,https://api.github.com/users/mbrickn/orgs,https://api.github.com/users/mbrickn/repos,https://api.github.com/users/mbrickn/events{/privacy},https://api.github.com/users/mbrickn/received_events,User,public,False,5
codeforker654,63343777,MDQ6VXNlcjYzMzQzNzc3,https://avatars.githubusercontent.com/u/63343777?v=4,,https://api.github.com/users/codeforker654,https://github.com/codeforker654,https://api.github.com/users/codeforker654/followers,https://api.github.com/users/codeforker654/following{/other_user},https://api.github.com/users/codeforker654/gists{/gist_id},https://api.github.com/users/codeforker654/starred{/owner}{/repo},https://api.github.com/users/codeforker654/subscriptions,https://api.github.com/users/codeforker654/orgs,https://api.github.com/users/codeforker654/repos,https://api.github.com/users/codeforker654/events{/privacy},https://api.github.com/users/codeforker654/received_events,User,public,False,5
hiohlan,70475761,MDQ6VXNlcjcwNDc1NzYx,https://avatars.githubusercontent.com/u/70475761?v=4,,https://api.github.com/users/hiohlan,https://github.com/hiohlan,https://api.github.com/users/hiohlan/followers,https://api.github.com/users/hiohlan/following{/other_user},https://api.github.com/users/hiohlan/gists{/gist_id},https://api.github.com/users/hiohlan/starred{/owner}{/repo},https://api.github.com/users/hiohlan/subscriptions,https://api.github.com/users/hiohlan/orgs,https://api.github.com/users/hiohlan/repos,https://api.github.com/users/hiohlan/events{/privacy},https://api.github.com/users/hiohlan/received_events,User,public,False,5
sbrn10,26887746,MDQ6VXNlcjI2ODg3NzQ2,https://avatars.githubusercontent.com/u/26887746?v=4,,https://api.github.com/users/sbrn10,https://github.com/sbrn10,https://api.github.com/users/sbrn10/followers,https://api.github.com/users/sbrn10/following{/other_user},https://api.github.com/users/sbrn10/gists{/gist_id},https://api.github.com/users/sbrn10/starred{/owner}{/repo},https://api.github.com/users/sbrn10/subscriptions,https://api.github.com/users/sbrn10/orgs,https://api.github.com/users/sbrn10/repos,https://api.github.com/users/sbrn10/events{/privacy},https://api.github.com/users/sbrn10/received_events,User,public,False,5
WKFO,29180904,MDQ6VXNlcjI5MTgwOTA0,https://avatars.githubusercontent.com/u/29180904?v=4,,https://api.github.com/users/WKFO,https://github.com/WKFO,https://api.github.com/users/WKFO/followers,https://api.github.com/users/WKFO/following{/other_user},https://api.github.com/users/WKFO/gists{/gist_id},https://api.github.com/users/WKFO/starred{/owner}{/repo},https://api.github.com/users/WKFO/subscriptions,https://api.github.com/users/WKFO/orgs,https://api.github.com/users/WKFO/repos,https://api.github.com/users/WKFO/events{/privacy},https://api.github.com/users/WKFO/received_events,User,public,False,5
A-Voski,280483893,U_kgDOELfYNQ,https://avatars.githubusercontent.com/u/280483893?v=4,,https://api.github.com/users/A-Voski,https://github.com/A-Voski,https://api.github.com/users/A-Voski/followers,https://api.github.com/users/A-Voski/following{/other_user},https://api.github.com/users/A-Voski/gists{/gist_id},https://api.github.com/users/A-Voski/starred{/owner}{/repo},https://api.github.com/users/A-Voski/subscriptions,https://api.github.com/users/A-Voski/orgs,https://api.github.com/users/A-Voski/repos,https://api.github.com/users/A-Voski/events{/privacy},https://api.github.com/users/A-Voski/received_events,User,public,False,4
Kuroonehalf,12227163,MDQ6VXNlcjEyMjI3MTYz,https://avatars.githubusercontent.com/u/12227163?v=4,,https://api.github.com/users/Kuroonehalf,https://github.com/Kuroonehalf,https://api.github.com/users/Kuroonehalf/followers,https://api.github.com/users/Kuroonehalf/following{/other_user},https://api.github.com/users/Kuroonehalf/gists{/gist_id},https://api.github.com/users/Kuroonehalf/starred{/owner}{/repo},https://api.github.com/users/Kuroonehalf/subscriptions,https://api.github.com/users/Kuroonehalf/orgs,https://api.github.com/users/Kuroonehalf/repos,https://api.github.com/users/Kuroonehalf/events{/privacy},https://api.github.com/users/Kuroonehalf/received_events,User,public,False,4
valery-iwanofu,82092794,MDQ6VXNlcjgyMDkyNzk0,https://avatars.githubusercontent.com/u/82092794?v=4,,https://api.github.com/users/valery-iwanofu,https://github.com/valery-iwanofu,https://api.github.com/users/valery-iwanofu/followers,https://api.github.com/users/valery-iwanofu/following{/other_user},https://api.github.com/users/valery-iwanofu/gists{/gist_id},https://api.github.com/users/valery-iwanofu/starred{/owner}{/repo},https://api.github.com/users/valery-iwanofu/subscriptions,https://api.github.com/users/valery-iwanofu/orgs,https://api.github.com/users/valery-iwanofu/repos,https://api.github.com/users/valery-iwanofu/events{/privacy},https://api.github.com/users/valery-iwanofu/received_events,User,public,False,4
hsandt,1067772,MDQ6VXNlcjEwNjc3NzI=,https://avatars.githubusercontent.com/u/1067772?v=4,,https://api.github.com/users/hsandt,https://github.com/hsandt,https://api.github.com/users/hsandt/followers,https://api.github.com/users/hsandt/following{/other_user},https://api.github.com/users/hsandt/gists{/gist_id},https://api.github.com/users/hsandt/starred{/owner}{/repo},https://api.github.com/users/hsandt/subscriptions,https://api.github.com/users/hsandt/orgs,https://api.github.com/users/hsandt/repos,https://api.github.com/users/hsandt/events{/privacy},https://api.github.com/users/hsandt/received_events,User,public,False,4
XelaPy,7989489,MDQ6VXNlcjc5ODk0ODk=,https://avatars.githubusercontent.com/u/7989489?v=4,,https://api.github.com/users/XelaPy,https://github.com/XelaPy,https://api.github.com/users/XelaPy/followers,https://api.github.com/users/XelaPy/following{/other_user},https://api.github.com/users/XelaPy/gists{/gist_id},https://api.github.com/users/XelaPy/starred{/owner}{/repo},https://api.github.com/users/XelaPy/subscriptions,https://api.github.com/users/XelaPy/orgs,https://api.github.com/users/XelaPy/repos,https://api.github.com/users/XelaPy/events{/privacy},https://api.github.com/users/XelaPy/received_events,User,public,False,4
xRenx,2042572,MDQ6VXNlcjIwNDI1NzI=,https://avatars.githubusercontent.com/u/2042572?v=4,,https://api.github.com/users/xRenx,https://github.com/xRenx,https://api.github.com/users/xRenx/followers,https://api.github.com/users/xRenx/following{/other_user},https://api.github.com/users/xRenx/gists{/gist_id},https://api.github.com/users/xRenx/starred{/owner}{/repo},https://api.github.com/users/xRenx/subscriptions,https://api.github.com/users/xRenx/orgs,https://api.github.com/users/xRenx/repos,https://api.github.com/users/xRenx/events{/privacy},https://api.github.com/users/xRenx/received_events,User,public,False,4
pionere,7431458,MDQ6VXNlcjc0MzE0NTg=,https://avatars.githubusercontent.com/u/7431458?v=4,,https://api.github.com/users/pionere,https://github.com/pionere,https://api.github.com/users/pionere/followers,https://api.github.com/users/pionere/following{/other_user},https://api.github.com/users/pionere/gists{/gist_id},https://api.github.com/users/pionere/starred{/owner}{/repo},https://api.github.com/users/pionere/subscriptions,https://api.github.com/users/pionere/orgs,https://api.github.com/users/pionere/repos,https://api.github.com/users/pionere/events{/privacy},https://api.github.com/users/pionere/received_events,User,public,False,4
loviuz,1647128,MDQ6VXNlcjE2NDcxMjg=,https://avatars.githubusercontent.com/u/1647128?v=4,,https://api.github.com/users/loviuz,https://github.com/loviuz,https://api.github.com/users/loviuz/followers,https://api.github.com/users/loviuz/following{/other_user},https://api.github.com/users/loviuz/gists{/gist_id},https://api.github.com/users/loviuz/starred{/owner}{/repo},https://api.github.com/users/loviuz/subscriptions,https://api.github.com/users/loviuz/orgs,https://api.github.com/users/loviuz/repos,https://api.github.com/users/loviuz/events{/privacy},https://api.github.com/users/loviuz/received_events,User,public,False,4
Vadim-Karpenko,26556210,MDQ6VXNlcjI2NTU2MjEw,https://avatars.githubusercontent.com/u/26556210?v=4,,https://api.github.com/users/Vadim-Karpenko,https://github.com/Vadim-Karpenko,https://api.github.com/users/Vadim-Karpenko/followers,https://api.github.com/users/Vadim-Karpenko/following{/other_user},https://api.github.com/users/Vadim-Karpenko/gists{/gist_id},https://api.github.com/users/Vadim-Karpenko/starred{/owner}{/repo},https://api.github.com/users/Vadim-Karpenko/subscriptions,https://api.github.com/users/Vadim-Karpenko/orgs,https://api.github.com/users/Vadim-Karpenko/repos,https://api.github.com/users/Vadim-Karpenko/events{/privacy},https://api.github.com/users/Vadim-Karpenko/received_events,User,public,False,4
UlyssesZh,26196187,MDQ6VXNlcjI2MTk2MTg3,https://avatars.githubusercontent.com/u/26196187?v=4,,https://api.github.com/users/UlyssesZh,https://github.com/UlyssesZh,https://api.github.com/users/UlyssesZh/followers,https://api.github.com/users/UlyssesZh/following{/other_user},https://api.github.com/users/UlyssesZh/gists{/gist_id},https://api.github.com/users/UlyssesZh/starred{/owner}{/repo},https://api.github.com/users/UlyssesZh/subscriptions,https://api.github.com/users/UlyssesZh/orgs,https://api.github.com/users/UlyssesZh/repos,https://api.github.com/users/UlyssesZh/events{/privacy},https://api.github.com/users/UlyssesZh/received_events,User,public,False,4
yoshifan,85041118,MDQ6VXNlcjg1MDQxMTE4,https://avatars.githubusercontent.com/u/85041118?v=4,,https://api.github.com/users/yoshifan,https://github.com/yoshifan,https://api.github.com/users/yoshifan/followers,https://api.github.com/users/yoshifan/following{/other_user},https://api.github.com/users/yoshifan/gists{/gist_id},https://api.github.com/users/yoshifan/starred{/owner}{/repo},https://api.github.com/users/yoshifan/subscriptions,https://api.github.com/users/yoshifan/orgs,https://api.github.com/users/yoshifan/repos,https://api.github.com/users/yoshifan/events{/privacy},https://api.github.com/users/yoshifan/received_events,User,public,False,4
musiyenko,18217335,MDQ6VXNlcjE4MjE3MzM1,https://avatars.githubusercontent.com/u/18217335?v=4,,https://api.github.com/users/musiyenko,https://github.com/musiyenko,https://api.github.com/users/musiyenko/followers,https://api.github.com/users/musiyenko/following{/other_user},https://api.github.com/users/musiyenko/gists{/gist_id},https://api.github.com/users/musiyenko/starred{/owner}{/repo},https://api.github.com/users/musiyenko/subscriptions,https://api.github.com/users/musiyenko/orgs,https://api.github.com/users/musiyenko/repos,https://api.github.com/users/musiyenko/events{/privacy},https://api.github.com/users/musiyenko/received_events,User,public,False,4
cival,4925038,MDQ6VXNlcjQ5MjUwMzg=,https://avatars.githubusercontent.com/u/4925038?v=4,,https://api.github.com/users/cival,https://github.com/cival,https://api.github.com/users/cival/followers,https://api.github.com/users/cival/following{/other_user},https://api.github.com/users/cival/gists{/gist_id},https://api.github.com/users/cival/starred{/owner}{/repo},https://api.github.com/users/cival/subscriptions,https://api.github.com/users/cival/orgs,https://api.github.com/users/cival/repos,https://api.github.com/users/cival/events{/privacy},https://api.github.com/users/cival/received_events,User,public,False,4
nattyan-tv,73095116,MDQ6VXNlcjczMDk1MTE2,https://avatars.githubusercontent.com/u/73095116?v=4,,https://api.github.com/users/nattyan-tv,https://github.com/nattyan-tv,https://api.github.com/users/nattyan-tv/followers,https://api.github.com/users/nattyan-tv/following{/other_user},https://api.github.com/users/nattyan-tv/gists{/gist_id},https://api.github.com/users/nattyan-tv/starred{/owner}{/repo},https://api.github.com/users/nattyan-tv/subscriptions,https://api.github.com/users/nattyan-tv/orgs,https://api.github.com/users/nattyan-tv/repos,https://api.github.com/users/nattyan-tv/events{/privacy},https://api.github.com/users/nattyan-tv/received_events,User,public,False,4
