repo,criado_em,fechado_em,comentarios,merge_feito
flask,2026-09-13T00:08:36Z,2026-09-13T00:27:54Z,1,False
flask,2026-09-11T23:25:42Z,2026-09-11T23:47:56Z,0,False
flask,2026-09-11T14:53:09Z,2026-09-11T14:56:40Z,1,False
flask,2026-09-11T04:14:20Z,2026-09-11T04:48:35Z,1,False
flask,2026-09-10T19:01:14Z,2026-09-10T19:59:07Z,1,False
flask,2026-09-10T12:17:19Z,2026-09-10T13:00:27Z,1,False
flask,2026-09-08T16:28:25Z,2026-09-08T16:38:11Z,0,False
flask,2026-09-07T01:36:14Z,2026-09-07T02:11:54Z,1,False
flask,2026-09-05T11:00:37Z,2026-09-05T12:07:43Z,1,False
flask,2026-09-05T05:36:37Z,2026-09-05T05:51:46Z,1,False
flask,2026-09-01T12:53:30Z,2026-09-01T13:01:36Z,1,False
flask,2026-08-31T13:27:52Z,2026-08-31T15:28:36Z,2,False
flask,2026-08-29T05:28:21Z,2026-08-29T13:00:36Z,1,False
flask,2026-08-28T15:13:58Z,2026-08-28T17:14:06Z,1,False
flask,2026-08-24T13:12:02Z,2026-08-24T14:04:14Z,6,False
flask,2026-08-23T00:43:11Z,2026-08-23T00:51:53Z,1,False
flask,2026-08-19T04:29:26Z,2026-08-19T04:37:31Z,0,False
flask,2026-08-16T17:19:26Z,2026-08-16T17:26:07Z,2,False
flask,2026-08-11T20:17:29Z,2026-08-11T20:19:14Z,0,True
flask,2026-08-11T09:26:58Z,2026-08-11T09:32:51Z,2,False
flask,2026-08-10T15:21:07Z,2026-08-10T15:28:36Z,1,False
flask,2026-08-10T14:58:46Z,2026-08-10T15:07:17Z,1,False
flask,2026-08-10T13:27:25Z,2026-08-10T16:49:28Z,1,False
flask,2026-08-09T20:48:49Z,2026-08-09T21:04:15Z,1,False
flask,2026-08-09T09:43:54Z,2026-08-09T09:56:14Z,0,False
flask,2026-08-08T16:55:19Z,2026-08-08T17:33:22Z,1,False
flask,2026-08-02T15:46:34Z,2026-08-02T16:18:14Z,1,False
flask,2026-08-02T13:49:25Z,2026-08-02T13:52:37Z,1,False
flask,2026-08-01T12:01:38Z,2026-08-01T13:45:07Z,2,False
flask,2026-08-01T08:05:05Z,2026-08-01T10:16:01Z,1,False
flask,2026-07-31T03:20:45Z,2026-07-31T03:23:20Z,1,False
flask,2026-07-30T18:53:18Z,2026-07-30T19:47:38Z,1,False
flask,2026-07-30T14:37:10Z,2026-07-30T14:42:48Z,1,False
flask,2026-07-30T14:28:59Z,2026-07-30T14:42:13Z,1,False
flask,2026-07-27T20:04:49Z,2026-07-27T20:15:16Z,1,False
flask,2026-07-26T14:51:53Z,2026-07-26T14:52:49Z,0,False
flask,2026-07-25T14:43:47Z,2026-07-25T14:53:47Z,0,False
flask,2026-07-24T10:30:05Z,2026-07-24T10:31:18Z,1,False
flask,2026-07-23T15:50:23Z,2026-07-23T16:06:41Z,0,False
flask,2026-07-22T07:55:22Z,2026-07-22T13:22:06Z,0,False
flask,2026-07-22T00:42:59Z,2026-07-22T02:14:54Z,1,False
flask,2026-07-20T20:28:31Z,2026-07-20T22:05:17Z,0,False
flask,2026-07-20T01:51:12Z,2026-07-20T02:08:46Z,0,False
flask,2026-07-16T21:16:10Z,2026-07-16T21:21:43Z,0,False
flask,2026-07-14T15:30:46Z,2026-08-11T19:48:41Z,3,True
flask,2026-07-14T10:21:31Z,2026-07-30T17:05:05Z,1,True
flask,2026-07-14T04:41:33Z,2026-07-14T12:47:29Z,0,False
flask,2026-07-11T01:11:52Z,2026-07-11T01:24:38Z,1,False
flask,2026-07-10T11:42:03Z,2026-07-10T12:31:19Z,0,False
flask,2026-07-09T21:58:27Z,2026-07-09T22:19:24Z,1,False
flask,2026-07-09T21:04:58Z,2026-07-09T21:06:09Z,0,False
flask,2026-07-08T09:35:50Z,2026-07-08T12:59:09Z,0,False
flask,2026-07-08T05:25:30Z,2026-07-08T06:26:17Z,0,False
flask,2026-07-07T16:29:17Z,2026-07-07T18:19:03Z,0,False
flask,2026-07-07T12:58:14Z,2026-07-07T14:09:26Z,0,False
flask,2026-07-05T13:20:10Z,2026-07-05T13:29:01Z,0,False
flask,2026-07-04T04:57:59Z,2026-07-04T12:37:17Z,0,False
flask,2026-07-03T05:16:17Z,2026-07-03T16:36:06Z,0,False
flask,2026-07-02T15:55:08Z,2026-07-02T17:10:05Z,0,False
flask,2026-07-02T15:06:45Z,2026-07-02T15:10:10Z,2,False
flask,2026-07-02T11:13:36Z,2026-07-02T11:15:52Z,1,False
flask,2026-07-02T11:06:03Z,2026-07-02T11:07:13Z,0,False
flask,2026-07-02T10:19:13Z,2026-07-02T10:23:17Z,0,False
flask,2026-07-02T07:56:41Z,2026-07-02T07:58:56Z,1,False
flask,2026-07-02T07:39:47Z,2026-07-02T12:44:00Z,0,False
flask,2026-07-02T06:56:14Z,2026-07-02T06:58:04Z,0,False
flask,2026-07-01T05:23:32Z,2026-07-01T11:15:42Z,1,False
flask,2026-06-29T10:29:48Z,2026-06-29T14:13:37Z,1,False
flask,2026-06-24T06:41:20Z,2026-07-30T15:33:22Z,1,False
flask,2026-06-23T21:12:53Z,2026-06-24T06:41:17Z,1,False
flask,2026-06-22T09:13:29Z,2026-06-22T09:14:33Z,1,False
flask,2026-06-20T09:40:33Z,2026-06-20T12:01:15Z,0,False
flask,2026-06-17T06:30:12Z,2026-06-17T12:45:34Z,0,False
flask,2026-06-10T22:54:11Z,2026-06-10T23:43:11Z,0,False
