repo,categoria,criado_em,fechado_em
flask,outros,2026-09-24T22:41:33Z,2026-09-24T22:56:18Z
flask,outros,2026-09-12T13:55:12Z,2026-09-12T13:57:22Z
flask,outros,2026-09-12T13:52:04Z,2026-09-12T13:56:52Z
flask,feature,2026-08-31T19:17:12Z,
flask,feature,2026-08-28T15:24:13Z,2026-08-28T17:13:03Z
flask,outros,2026-08-24T13:33:18Z,2026-08-24T13:37:22Z
flask,outros,2026-08-09T09:52:22Z,2026-08-09T09:53:43Z
flask,outros,2026-08-08T15:15:19Z,2026-08-11T15:44:33Z
flask,feature,2026-08-08T14:46:13Z,2026-08-08T15:36:50Z
flask,outros,2026-08-05T20:18:08Z,2026-08-05T20:19:35Z
flask,outros,2026-08-04T10:04:59Z,2026-08-04T14:00:09Z
flask,outros,2026-08-01T05:42:39Z,2026-08-01T13:44:56Z
flask,outros,2026-07-27T02:03:06Z,2026-07-27T03:07:11Z
flask,feature,2026-07-13T22:07:38Z,2026-08-11T19:48:42Z
flask,outros,2026-07-12T19:20:26Z,2026-07-12T19:38:17Z
flask,outros,2026-07-02T07:37:53Z,2026-07-30T17:05:18Z
flask,outros,2026-06-30T19:04:00Z,2026-06-30T20:00:36Z
flask,feature,2026-06-23T22:10:11Z,2026-08-11T20:18:12Z
flask,outros,2026-06-16T11:27:59Z,2026-06-16T11:29:45Z
flask,outros,2026-06-12T18:30:15Z,2026-06-12T18:31:37Z
flask,outros,2026-06-12T18:17:44Z,2026-06-12T18:19:23Z
flask,outros,2026-06-12T18:17:15Z,2026-06-12T18:18:43Z
flask,outros,2026-06-11T12:40:53Z,2026-06-11T13:05:27Z
flask,outros,2026-06-09T04:31:22Z,2026-06-09T06:23:24Z
flask,outros,2026-06-09T04:31:12Z,2026-06-09T06:23:27Z
flask,outros,2026-06-09T04:31:02Z,2026-06-09T06:23:30Z
